reach_id,downstream_x,downstream_y,upstream_x,upstream_y,downstream_elevation_m,upstream_elevation_m,delta_z_m,river_distance_m,euclidean_distance_m,route_length_ratio,river_gradient_pct,euclidean_gradient_pct,contrib_area_km2
0,719997.2219227292,3110789.2699484774,719194.8479539367,3110722.6441063355,833.0046199999996,871.011759999999,38.00713999999937,3000,805.1353852843279,3.726081420381954,1.2669046666666455,4.720589939861781,149.5814666748047
1,791512.148618099,3086594.356353513,790501.8985103588,3088542.1969428966,310.00126000000006,391.00294000000014,81.00168000000008,6500,2194.239786768888,2.962301585813248,1.2461796923076935,3.6915600787313463,100.87940979003906
2,742149.5805885989,3092378.8526492584,742391.8586093241,3094979.390521836,463.0168000000008,551.0020999999998,87.98529999999903,7000,2611.7993540922544,2.680144624828154,1.2569328571428433,3.368761840841285,9639.0751953125
3,734694.2072841144,3104739.516294508,733974.4278908584,3108250.403825683,608.0020999999998,768.0,159.9979000000002,9000,3583.910382740911,2.5112235069664215,1.7777544444444466,4.464338750502925,125.41291046142578
4,774562.6650965426,3201456.001628559,775127.2735546455,3201699.818040801,2926.010919999996,2959.00042,32.98950000000377,1500,615.0033770963973,2.4390109971134124,2.1993000000002514,5.364116885952141,116.34839630126953
5,725185.9334031015,3117059.9547330467,727660.0105171024,3120479.970241341,702.00042,849.0020999999998,147.00167999999985,10000,4221.085600055428,2.3690588032303084,1.4700167999999985,3.4825562409364443,266.00738525390625
6,719997.2219227292,3110789.2699484774,716104.4968965031,3109635.317084028,833.0046199999996,956.0,122.99538000000041,9500,4060.161984844633,2.33980812476464,1.29468821052632,3.0293219940264766,129.5222930908203
7,760955.3696808745,3158694.008482943,761926.5737916691,3159163.458492259,1445.0046200000008,1676.0,230.99537999999916,2500,1078.7125363465861,2.317577589732173,9.239815199999967,21.413988640786616,119.30457305908203
8,760546.9955833934,3200956.209139297,759391.1946621271,3202279.3482008544,3409.0,3841.0020999999992,432.00209999999925,4000,1756.8644642713843,2.276783486345317,10.800052499999982,24.589381183662415,109.69742584228516
9,723780.7847938723,3119294.4680661964,724127.5188873501,3120415.952041902,721.0041999999996,758.0008399999999,36.9966400000003,2500,1173.8615077361285,2.1297231262156466,1.4798656000000119,3.151703992011019,272.572998046875
10,761010.3218565995,3200867.6709306883,760069.987594791,3203914.708338501,3382.0268799999903,4021.00042,638.9735400000095,6500,3188.834503159537,2.0383622899086546,9.8303621538463,20.037839510545517,103.31559753417969
11,731850.9492622542,3106402.2648682566,731880.2832919834,3107631.8960369476,623.0193199999983,676.0,52.98068000000171,2500,1229.981014616279,2.032551698190181,2.1192272000000685,4.307438844210962,128.7706298828125
